participant_id,session_index,feedback_mode,feedback_focus,target_position_x,target_position_y,target_label,target_depth_min,target_depth_max,avg_error,std_error,avg_depth,std_depth,avg_bpm,std_bpm,n_valid_timesteps
10,0,audio,position,7,5,t5,40,50,1.8292958579881662,0.3536453042604232,40.42051724137931,10.119188570170449,132.091350877193,32.88371779173866,239
10,1,belt,position,6,10,t4,33,40,1.7647878787878788,1.4415782251570726,29.85471698113208,6.483960356219986,114.53501923076922,31.18304246855627,236
10,2,box,position,5,5,t1,40,50,1.08825988700565,0.7853678041694706,41.45702702702703,7.055936877232233,139.54004109589042,16.78157148374563,254
10,3,glove,position,6,10,t4,33,40,2.7938729281767953,0.7105043188944518,35.68933333333333,5.5549050996994245,94.73313636363638,31.390701901120995,236
10,4,N/A,N/A,7,5,t5,40,50,2.60902479338843,0.07886073746937389,,,,,121
10,5,screen,position,7,5,t5,40,50,3.2899942196531793,0.2243904137213883,44.614655172413784,3.2560560104462115,117.26812280701755,20.742328332037395,237
11,0,audio,position,6,10,t4,33,40,3.2515975609756094,2.0319798308951746,,,,,180
11,1,belt,position,6,10,t4,33,40,4.545850574712644,0.7579739559522929,48.549523809523805,0.6224157457393067,114.61627419354839,10.21907692815391,250
11,2,box,position,7,5,t5,40,50,1.1215269461077846,0.7424214534503758,,,,,176
11,3,glove,position,6,10,t4,33,40,5.695599999999999,1.234800305428256,48.53640625,0.6688992057559476,119.35934920634922,12.101311658093469,255
11,4,N/A,N/A,6,10,t4,33,40,6.924328467153284,0.5726575786002551,,,,,137
11,5,screen,position,7,5,t5,40,50,0.5682558139534883,0.3467072079544833,,,,,177
12,0,audio,position,6,10,t4,33,40,4.2776645161290325,1.681172341638204,49.753928571428574,3.4187699743848077,123.08388888888891,10.722242998252757,196
12,1,belt,position,7,5,t5,40,50,2.0433614457831326,1.014200356602604,,,,,178
12,2,box,position,2,9,t3,33,40,2.7018666666666666,0.9591956133377928,,,,,180
12,3,glove,position,5,3,t6,33,40,1.1231573033707867,0.2855138832050738,,,,,188
12,4,N/A,N/A,5,3,t6,33,40,1.0825080645161291,0.46933770247788703,,,,,124
12,5,screen,position,5,3,t6,33,40,1.3674355828220859,0.8963625405675071,51.05456140350877,3.945100923786512,119.37923214285713,10.222654640187072,231
13,0,audio,position,2,9,t3,33,40,4.726453416149068,2.0920627223306067,44.54351851851852,7.335620895079279,109.44145283018868,7.685696387755382,229
13,1,belt,position,5,3,t6,33,40,0.59805625,0.3110151573250691,51.314074074074085,1.167149929304712,110.31732075471697,8.342336860457195,228
13,2,box,position,2,9,t3,33,40,3.3763926380368106,1.3152162687426863,39.63368421052631,6.388348942885515,113.14642857142857,9.927822129999003,234
13,3,glove,position,5,7,t2,40,50,3.050982352941176,0.8729346614827441,45.99770491803279,2.763549863373712,115.858,10.310724410373245,237
13,4,N/A,N/A,5,3,t6,33,40,1.7438913043478264,0.27000939824712944,,,,,92
13,5,screen,position,5,7,t2,40,50,4.21319760479042,0.3681545698475739,50.64245614035087,2.18768425245217,111.69705357142857,10.315216932868166,229
14,0,audio,position,5,5,t1,40,50,2.683030487804878,0.7572595684100284,45.54500000000001,3.052064289717933,110.11865454545453,11.387423102573505,228
14,1,belt,position,5,3,t6,33,40,0.7338235294117648,0.5363917505281025,43.49833333333332,6.624233219078321,107.20524528301888,14.967043386463777,234
14,2,box,position,7,5,t5,40,50,1.015169811320755,0.6100482732476318,39.31809523809524,9.86349600875568,94.24146341463414,24.89476122585963,220
14,3,glove,position,5,3,t6,33,40,0.6494939024390245,0.40541682099205945,40.19581818181819,4.788227871432221,111.12372222222221,10.212725629978015,229
14,4,N/A,N/A,5,5,t1,40,50,2.8957111111111113,0.37716634244924774,,,,,90
14,5,screen,position,7,5,t5,40,50,0.9434999999999999,0.6155745785562509,45.227321428571436,9.213996242338421,108.17849090909093,7.524894340237314,230
15,0,audio,position,5,7,t2,40,50,2.0853121019108283,1.5020359425313667,33.66843137254902,6.671272146241064,105.3691,8.055560894810492,220
15,1,belt,position,5,3,t6,33,40,0.979006289308176,0.3092143930041869,41.364000000000004,10.815294602244236,88.91103448275861,36.09583811569795,206
15,2,box,position,5,5,t1,40,50,0.71101875,0.6186006332024221,37.051886792452834,3.454697134203061,106.22605769230768,3.9540708692408746,227
15,3,glove,position,7,5,t5,40,50,1.5235886075949368,1.5651217048553936,38.674042553191484,4.310996656041616,101.27780434782609,16.974529117653546,221
15,4,N/A,N/A,5,3,t6,33,40,1.4114214876033053,0.3923485706111301,,,,,121
15,5,screen,position,5,5,t1,40,50,1.9131298701298698,0.331489254714074,42.46333333333334,9.895874935585066,112.2245283018868,11.640829553860378,223
16,0,audio,position,2,9,t3,33,40,1.5119939393939392,1.5605703755143392,31.44354838709678,5.790247110659215,122.13100000000003,10.11828200119653,243
16,1,belt,position,2,9,t3,33,40,1.1400491803278687,0.5295231825519859,29.845588235294116,1.011760815655996,123.08550746268656,10.995007991245675,266
16,2,box,position,6,10,t4,33,40,1.0278863636363638,1.1494452558420023,29.806417910447763,2.3439236790925086,125.28324242424242,8.531859573956627,263
16,3,glove,position,6,10,t4,33,40,1.9475308641975309,1.8095900298708254,32.00839285714286,3.8575407491532157,113.43956363636366,10.747276151765805,256
16,4,N/A,N/A,6,10,t4,33,40,6.41360736196319,0.25222943191897645,,,,,163
16,5,screen,position,6,10,t4,33,40,4.627016483516483,1.6560975693083284,42.786,5.510742739274039,121.520484375,10.374700004687165,263
17,0,audio,position,7,5,t5,40,50,1.1065795454545455,0.7185857594417807,45.573709677419366,4.2559249909527335,117.70418032786885,12.712197246594874,253
17,1,belt,position,2,9,t3,33,40,4.8056785714285715,0.4874299866870818,39.45101694915254,5.32323136695686,115.56913793103448,10.450693635531264,246
17,2,box,position,6,10,t4,33,40,1.4333224043715846,1.7884847327346187,34.468769230769226,4.203190549201809,115.901375,10.710465961356444,257
17,3,glove,position,2,9,t3,33,40,1.599887640449438,1.3781789640820428,29.590153846153843,7.731440803589476,117.563203125,10.783157115641748,254
17,4,N/A,N/A,2,9,t3,33,40,4.646344262295083,0.7381499888732886,,,,,122
17,5,screen,position,2,9,t3,33,40,6.631875,0.23303758095402713,47.86375,1.4905386879773173,110.74047272727272,9.6330464865946,235
18,0,audio,position,5,7,t2,40,50,2.378590361445783,0.989286173663149,33.10214285714285,1.5504477628434061,84.28443902439024,10.665058478219562,223
18,1,belt,position,6,10,t4,33,40,2.242873563218391,1.911239928547306,29.825999999999997,2.893255298486848,84.75097727272727,8.051652451765968,241
18,2,box,position,5,5,t1,40,50,1.4081130952380951,0.9643162111395878,34.46733333333333,1.286631087590983,86.28195454545454,5.76012137638272,228
18,3,glove,position,5,3,t6,33,40,1.9158369565217392,1.2649572537645717,40.7984,4.124530208399498,88.60634693877552,7.177194595898079,246
18,4,N/A,N/A,5,7,t2,40,50,5.40893125,0.3151306499270382,,,,,160
18,5,screen,position,2,9,t3,33,40,1.4265714285714286,0.5360990252723458,31.850638297872337,0.7633308985367565,87.25884782608696,6.483506740241437,230
7,0,audio,position,2,9,t3,33,40,2.7189698795180726,1.7192206010272129,37.49145454545454,7.694196494922608,110.71659259259258,7.661254980161947,226
7,1,belt,position,5,3,t6,33,40,2.492156976744186,1.783886420219074,48.147272727272735,0.707167087226349,106.91170370370368,13.163564468061114,229
7,2,box,position,5,7,t2,40,50,1.428508875739645,0.5334985247933908,46.14641509433962,4.160561053575212,103.5535,9.813601200335725,230
7,3,glove,position,6,10,t4,33,40,2.652721212121212,1.5168323116519038,38.609399999999994,5.134793242186097,100.41269387755104,7.623547688266183,226
7,4,N/A,N/A,6,10,t4,33,40,5.49920353982301,0.173603156413336,,,,,113
7,5,screen,position,5,5,t1,40,50,0.8766181818181817,0.4483388392956121,49.30092592592593,0.52289531746952,106.32884905660376,8.29944317385715,224
8,0,audio,position,5,7,t2,40,50,2.2756,1.0576153832199724,38.13963636363636,3.4773181743910655,104.6417222222222,6.811594873385807,230
8,1,belt,position,5,7,t2,40,50,1.4517882352941176,0.9829574473958694,36.418518518518525,3.241787005711172,104.26377358490565,10.213333079374515,232
8,2,box,position,2,9,t3,33,40,2.9142916666666667,1.1056904347734962,34.31404761904762,5.430402536830778,87.51887804878048,21.498955425782015,227
8,3,glove,position,6,10,t4,33,40,2.6375632183908047,1.2697153016140508,37.70264150943396,4.665386453261613,100.11055769230771,11.297685492057248,239
8,4,N/A,N/A,2,9,t3,33,40,6.955990099009901,0.6679823839357627,,,,,101
8,5,screen,position,5,7,t2,40,50,2.794127906976744,0.8970268824432474,42.56410714285715,3.134370395188592,108.89865454545455,32.542362005807526,232
9,0,audio,position,6,10,t4,33,40,1.7176962025316453,1.5938842878003947,30.083965517241378,5.617686644891315,118.60905263157895,10.713945721677634,228
9,1,belt,position,2,9,t3,33,40,4.504722222222223,0.35632436412507046,46.201818181818176,0.802624311321285,97.0699534883721,7.353991110522955,221
9,2,box,position,7,5,t5,40,50,1.4285113636363638,1.6874033911357182,38.039538461538456,4.1394293292189,121.550671875,12.632712441384431,248
9,3,glove,position,2,9,t3,33,40,4.343632183908046,0.3276793223176295,37.71254901960784,2.879826957721697,100.15106000000002,19.634409842325283,234
9,4,N/A,N/A,2,9,t3,33,40,6.596041666666667,0.13264928042481888,,,,,96
9,5,screen,position,5,7,t2,40,50,2.7434709302325584,0.6011664381552341,43.82196428571428,2.039553014443236,105.56821818181821,4.9363927046189175,233
